{"accuracy": 0.87048, "precision": 0.8670592854338437, "recall": 0.8772543100023834}